INSERT INTO EMPLEADO (ID_EMPLEADO, NOMBRE, APELLIDO, TURNO, ES_ADMIN) VALUES (1, 'RUBEN', 'BALBOA', 'MAÑANA', 1);
INSERT INTO EMPLEADO (ID_EMPLEADO, NOMBRE, APELLIDO, TURNO, ES_ADMIN) VALUES (2, 'DIEGO', 'RODGRIGUEZ', 'MAÑANA', 0);
INSERT INTO EMPLEADO (ID_EMPLEADO, NOMBRE, APELLIDO, TURNO, ES_ADMIN) VALUES (3, 'JUN', 'ZHOU', 'TARDE', 0);
INSERT INTO EMPLEADO (ID_EMPLEADO, NOMBRE, APELLIDO, TURNO, ES_ADMIN) VALUES (4, 'JAIME', 'ORTIGOSA', 'TARDE', 0);


INSERT INTO PRODUCTO (ID_PRODUCTO, NOM_PROD, DESCRIPCION, TIPO, PRECIO, STOCK) VALUES (1, 'SIBILLA', 'PILDORA ANTICONCEPTIVA', 'ANTICONCEPTIVO', 10.00, 100);
INSERT INTO PRODUCTO (ID_PRODUCTO, NOM_PROD, DESCRIPCION, TIPO, PRECIO, STOCK) VALUES (2, 'NOLOTIL', 'CAPSULAS DURAS', 'ANALGESICO', 5.00, 100);
INSERT INTO PRODUCTO (ID_PRODUCTO, NOM_PROD, DESCRIPCION, TIPO, PRECIO, STOCK) VALUES (3, 'RINO EBASTEL', 'SPRAY NASAL', 'ANTIHISTAMINICO', 5.00, 100);
INSERT INTO PRODUCTO (ID_PRODUCTO, NOM_PROD, DESCRIPCION, TIPO, PRECIO, STOCK) VALUES (4, 'AMOXICILINA', 'CAPSULAS ORALES', 'ANTIBIOTICO', 5.00, 100);
INSERT INTO PRODUCTO (ID_PRODUCTO, NOM_PROD, DESCRIPCION, TIPO, PRECIO, STOCK) VALUES (5, 'BISOLVON', 'JARABE', 'ANTITUSIVO', 5.00, 100);
INSERT INTO PRODUCTO (ID_PRODUCTO, NOM_PROD, DESCRIPCION, TIPO, PRECIO, STOCK) VALUES (6, 'FISIOCREM', 'CREMA', 'RELAJANTE MUSCULAR', 5.00, 100);
INSERT INTO PRODUCTO (ID_PRODUCTO, NOM_PROD, DESCRIPCION, TIPO, PRECIO, STOCK) VALUES (7, 'PROZAC', 'CAPSULAS ORALES', 'ANTIDEPRESIVO', 5.00, 100);
INSERT INTO PRODUCTO (ID_PRODUCTO, NOM_PROD, DESCRIPCION, TIPO, PRECIO, STOCK) VALUES (8, 'PLATOSIN', 'JARABE', 'CITOTOXICO', 5.00, 100);
INSERT INTO PRODUCTO (ID_PRODUCTO, NOM_PROD, DESCRIPCION, TIPO, PRECIO, STOCK) VALUES (9, 'ACTRON', 'CREMA', 'ANTIINFLAMATORIO', 5.00, 100);
INSERT INTO PRODUCTO (ID_PRODUCTO, NOM_PROD, DESCRIPCION, TIPO, PRECIO, STOCK) VALUES (10, 'JENTADUETO', 'CAPSULAS DIABETES TIPO 2', 'ANTIDIABETICO', 5.00, 100);


INSERT INTO PROVEEDOR (ID_PROVEEDOR, NOMBRE, CIF, TELEFONO) VALUES (1, 'BAYERN', 'C-1234567', '905287456');
INSERT INTO PROVEEDOR (ID_PROVEEDOR, NOMBRE, CIF, TELEFONO) VALUES (2, 'PFIZER', 'C-7654321', '915257508');
INSERT INTO PROVEEDOR (ID_PROVEEDOR, NOMBRE, CIF, TELEFONO) VALUES (3, 'NOVARTIS', 'C-4321765', '912347896');


INSERT INTO PRODUCTO_PROVEEDOR (ID_PRODUCTO, ID_PROVEEDOR) VALUES (1, 1);
INSERT INTO PRODUCTO_PROVEEDOR (ID_PRODUCTO, ID_PROVEEDOR) VALUES (2, 1);
INSERT INTO PRODUCTO_PROVEEDOR (ID_PRODUCTO, ID_PROVEEDOR) VALUES (3, 1);
INSERT INTO PRODUCTO_PROVEEDOR (ID_PRODUCTO, ID_PROVEEDOR) VALUES (4, 2);
INSERT INTO PRODUCTO_PROVEEDOR (ID_PRODUCTO, ID_PROVEEDOR) VALUES (5, 2);
INSERT INTO PRODUCTO_PROVEEDOR (ID_PRODUCTO, ID_PROVEEDOR) VALUES (6, 2);
INSERT INTO PRODUCTO_PROVEEDOR (ID_PRODUCTO, ID_PROVEEDOR) VALUES (7, 3);
INSERT INTO PRODUCTO_PROVEEDOR (ID_PRODUCTO, ID_PROVEEDOR) VALUES (8, 3);
INSERT INTO PRODUCTO_PROVEEDOR (ID_PRODUCTO, ID_PROVEEDOR) VALUES (9, 3);
INSERT INTO PRODUCTO_PROVEEDOR (ID_PRODUCTO, ID_PROVEEDOR) VALUES (10, 3);


INSERT INTO VENTAS (ID_VENTA, ID_EMPLEADO, HORA_VENTA, FECHA_VENTA) VALUES (1, 1, '12:00', '2019-01-01');
INSERT INTO VENTAS (ID_VENTA, ID_EMPLEADO, HORA_VENTA, FECHA_VENTA) VALUES (2, 2, '13:00', '2019-02-01');
INSERT INTO VENTAS (ID_VENTA, ID_EMPLEADO, HORA_VENTA, FECHA_VENTA) VALUES (3, 3, '17:00', '2019-02-01');
INSERT INTO VENTAS (ID_VENTA, ID_EMPLEADO, HORA_VENTA, FECHA_VENTA) VALUES (4, 4, '18:00', '2019-03-01');



